{"cameraMode":{"drawMode":0,"name":"Shaded","section":"Shading Mode"},"sceneLighting":false,"audioPlay":false,"sceneViewState":{"m_AlwaysRefresh":false,"showFog":false,"showSkybox":false,"showFlares":false,"showImageEffects":false,"showParticleSystems":false,"showVisualEffectGraphs":true,"m_FxEnabled":true},"in2DMode":false,"pivot":{"x":0.15954318642616273,"y":0.3809617757797241,"z":0.46845006942749026},"rotation":{"x":0.00447098771110177,"y":0.9973134398460388,"z":-0.05262669175863266,"w":0.05606460198760033},"size":1.129219651222229,"orthographic":false}