{"cameraMode":{"drawMode":0,"name":"Shaded","section":"Shading Mode"},"sceneLighting":false,"audioPlay":false,"sceneViewState":{"m_AlwaysRefresh":false,"showFog":false,"showSkybox":false,"showFlares":false,"showImageEffects":false,"showParticleSystems":false,"showVisualEffectGraphs":true,"m_FxEnabled":true},"in2DMode":false,"pivot":{"x":0.020557336509227754,"y":0.40886247158050539,"z":-0.49318987131118777},"rotation":{"x":0.00310268672183156,"y":0.9964419603347778,"z":-0.08267517387866974,"w":0.027555128559470178},"size":0.8671229481697083,"orthographic":false}