{"cameraMode":{"drawMode":0,"name":"Shaded","section":"Shading Mode"},"sceneLighting":false,"audioPlay":false,"sceneViewState":{"m_AlwaysRefresh":false,"showFog":false,"showSkybox":false,"showFlares":false,"showImageEffects":false,"showParticleSystems":false,"showVisualEffectGraphs":true,"m_FxEnabled":true},"in2DMode":false,"pivot":{"x":0.3886471390724182,"y":0.4654657244682312,"z":-0.05843120813369751},"rotation":{"x":0.06478096544742584,"y":0.7671253681182861,"z":-0.07704672962427139,"w":0.6339466571807861},"size":0.8671229481697083,"orthographic":false}