{"cameraMode":{"drawMode":0,"name":"Shaded","section":"Shading Mode"},"sceneLighting":true,"audioPlay":false,"sceneViewState":{"m_AlwaysRefresh":false,"showFog":true,"showSkybox":true,"showFlares":true,"showImageEffects":true,"showParticleSystems":true,"showVisualEffectGraphs":true,"m_FxEnabled":true},"in2DMode":false,"pivot":{"x":0.09582214057445526,"y":1.2708982229232789,"z":-0.1651119440793991},"rotation":{"x":0.33111771941185,"y":0.007644818164408207,"z":-0.0026824793312698604,"w":0.943554162979126},"size":0.9748251438140869,"orthographic":false}