{"cameraMode":{"drawMode":0,"name":"Shaded","section":"Shading Mode"},"sceneLighting":true,"audioPlay":false,"sceneViewState":{"m_AlwaysRefresh":false,"showFog":true,"showSkybox":true,"showFlares":true,"showImageEffects":true,"showParticleSystems":true,"showVisualEffectGraphs":true,"m_FxEnabled":true},"in2DMode":false,"pivot":{"x":0.33922579884529116,"y":3.3837833404541017,"z":2.536109209060669},"rotation":{"x":-0.0010033497819676996,"y":-0.9333794116973877,"z":0.3596677780151367,"w":0.00023540842812508345},"size":0.1676003336906433,"orthographic":false}