{"cameraMode":{"drawMode":0,"name":"Shaded","section":"Shading Mode"},"sceneLighting":false,"audioPlay":false,"sceneViewState":{"m_AlwaysRefresh":false,"showFog":false,"showSkybox":false,"showFlares":false,"showImageEffects":false,"showParticleSystems":false,"showVisualEffectGraphs":true,"m_FxEnabled":true},"in2DMode":false,"pivot":{"x":-2.2412943840026857,"y":0.017140120267868043,"z":0.4280870854854584},"rotation":{"x":0.0036173725966364147,"y":0.5889071226119995,"z":0.002164698438718915,"w":-0.8085158467292786},"size":1.6759138107299805,"orthographic":false}