{"cameraMode":{"drawMode":0,"name":"Shaded","section":"Shading Mode"},"sceneLighting":false,"audioPlay":false,"sceneViewState":{"m_AlwaysRefresh":false,"showFog":false,"showSkybox":false,"showFlares":false,"showImageEffects":false,"showParticleSystems":false,"showVisualEffectGraphs":true,"m_FxEnabled":true},"in2DMode":false,"pivot":{"x":0.7190811634063721,"y":0.9317706823348999,"z":-1.8230575323104859},"rotation":{"x":0.021239163354039193,"y":-0.7771527767181397,"z":0.027579400688409807,"w":0.6285511255264282},"size":1.0747359991073609,"orthographic":false}